Player,Pos.,Years Active,Career Earnings,Cap-Inflated Earnings
Aaron Rodgers,QB,2005_,343531094,546133077
Matt Stafford,QB,2009_,328000000,507909318
Tom Brady,QB,2000_2022,317619794,600482947
Matt Ryan,QB,2008_2022,306205882,501677687
Russell Wilson,QB,2012_,304130123,407222196
Kirk Cousins,QB,2012_,281469288,364088971
Drew Brees,QB,2001_2020,273933000,514107505
Ben Roethlisberger,QB,2004_2021,266724382,474558875
Peyton Manning,QB,1998_2015,247714000,645365904
Philip Rivers,QB,2004_2020,242150000,454718983
Dak Prescott,QB,2016_,239895725,289497402
Jared Goff,QB,2016_,233995672,287408957
Eli Manning,QB,2004_2019,232490000,450736327
Alex Smith,QB,2005_2020,210000000,375106756
Trent Williams,LT,2010_,197259199,299499599
Ryan Tannehill,QB,2012_2023,195050979,273540493
Larry Fitzgerald,WR,2004_2020,182490000,361130764
Von Miller,EDGE,2011_,179283214,267585625
Joe Flacco,QB,2008_,177435338,309890042
Carson Palmer,QB,2003_2017,172500000,379361319
Ndamukong Suh,"DT, DE",2010_2022,168007206,294186858
Derek Carr,QB,2014_,165519283,222531423
Khalil Mack,EDGE,2014_,162518002,220410609
Aaron Donald,DE,2014_2023,162028500,215332592
Julius Peppers,EDGE,2002_2018,159297706,353347996
Jimmy Garoppolo,QB,2014_,150775589,201497852
Julio Jones,WR,2011_2023,147319044,226203835
Calais Campbell,DE,2008_,143784500,230803234
Deshaun Watson,QB,2017_,142761982,177684464
Brett Favre,QB,1991_2010,141407000,492125507
DeAndre Hopkins,WR,2013_,138996144,188012806
Patrick Mahomes,QB,2017_,136152962,170188100
Amari Cooper,WR,2015_,135780453,177467832
Joey Bosa,EDGE,2016_,134873672,175642271
Cam Newton,QB,2011_2021,134735498,222468878
Leonard Williams,DE,2015_,134382368,173144425
Mario Williams,EDGE,2006_2016,132400000,273447836
Mike Evans,WR,2014_,132076692,174004392
Chandler Jones,EDGE,2012_2022,131507054,184803988
Carson Wentz,QB,2016_,130382896,176664752
Cameron Heyward,DE,2011_,130255028,181601890
Sam Bradford,QB,2010_2017,129982500,237559237
J.J. Watt,DE,2011_2022,129706498,201147759
Fletcher Cox,DT,2012_2023,128422551,187278672
Jay Cutler,QB,2006_2017,127874999,248869310
Tony Romo,QB,2003_2016,127420000,262687829
Stefon Diggs,WR,2015_,126465594,157134641
Cameron Jordan,EDGE,2011_,126088635,182820715
Gerald McCoy,"DT, DE",2010_2021,126088333,225164879
Darrelle Revis,CB,2007_2017,125014441,244968112
Joe Haden,CB,2010_2021,123756742,212213706
David Bakhtiari,LT,2013_2023,122939930,166009515
Lane Johnson,"RT, LT",2013_,121268940,175203968
Chris Jones,DT,2016_,120147912,145183818
Tyron Smith,LT,2011_,120035098,181573895
Jason Peters,"LT, RG, RT",2004_,119667535,221160835
Michael Vick,QB,2001_2015,118645000,311481012
A.J. Green,WR,2011_2022,118335098,190507105
Davante Adams,WR,2014_,118268402,156211849
Demarcus Lawrence,EDGE,2014_,117433035,157337952
Danielle Hunter,EDGE,2015_,114891224,143283578
Duane Brown,"LT, RT",2008_2023,114286823,180428810
Patrick Peterson,CB,2011_2023,113911480,183393581
Terrell Suggs,EDGE,2003_2019,113310000,231952848
Josh Allen,QB,2018_,112904439,142758724
Lamar Jackson,QB,2018_,112487652,132419449
Robert Quinn,EDGE,2011_2022,112358826,171300766
DeForest Buckner,DT,2016_,112318990,142483896
Andrew Whitworth,LT,2006_2021,112030000,190865953
Jake Matthews,LT,2014_,111984323,154677061
Stephon Gilmore,CB,2012_,111496444,161830796
Calvin Johnson,WR,2007_2015,110750000,228960980
Joe Thomas,LT,2007_2017,110000000,216992437
Keenan Allen,WR,2013_,109794800,149337596
Russell Okung,LT,2010_2020,109249999,185670197
Andrew Luck,QB,2012_2018,109107998,179630669
Terron Armstead,LT,2013_,108546377,145707952
Brandin Cooks,WR,2014_,108371864,145031500
Champ Bailey,CB,1999_2013,108132025,269800000
Brandon Scherff,RG,2015_,107806638,144618647
Justin Houston,EDGE,2011_2023,107097248,162850047
Andy Dalton,QB,2011_,106514198,165825631
Andre Johnson,WR,2003_2015,106023529,241394003
Bobby Wagner,LB,2012_,105705298,148830582
Charles Woodson,"CB, S",1998_2015,105030500,284599161
Myles Garrett,EDGE,2017_,104456342,138613914
Laremy Tunsil,LT,2016_,102663532,131424380
Adrian Peterson,RB,2007_2021,102596360,200858938
Za'Darius Smith,EDGE,2015_,102301402,125572441
Jason Pierre-Paul,EDGE,2010_2022,101355834,160031559
Ronnie Stanley,LT,2016_,100100332,133996527
Kyler Murray,QB,2019_,99134284,122018506
Darius Slay,CB,2013_,98258052,137005202
Tyreek Hill,WR,2016_,98061256,121007846
Odell Beckham Jr.,WR,2014_,97905198,134895698
Arik Armstead,"DE, DT, EDGE",2015_,97555099,124755612
Dwight Freeney,EDGE,2002_2017,97224316,220201100
Brandon Graham,EDGE,2010_,97198000,147435804
Donovan McNabb,QB,1999_2010,96920985,278421306
Geno Atkins,DT,2010_2020,95982448,155672491
Matt Schaub,QB,2004_2020,95935000,193502808
Tyrann Mathieu,S,2013_,95856853,132653247
Ray Lewis,LB,1996_2012,95735000,291191014
Jordan Love,QB,2020_,94883470,99150313
Harrison Smith,S,2012_,94457723,133200107
Jadeveon Clowney,EDGE,2014_,94333998,133848232
Allen Robinson,WR,2014_,94179192,124919194
Eric Berry,S,2010_2018,93701000,168305642
Zack Martin,RG,2014_,93658798,126913635
C.J. Mosley,LB,2014_,93296002,122141275
Chris Long,EDGE,2008_2018,92940000,184419117
Devin McCourty,S,2010_2022,92567500,143671896
Jared Allen,EDGE,2004_2015,92552569,191602934
Jalen Ramsey,CB,2016_,92053998,124682497
Jerry Hughes,EDGE,2010_,91750000,140133978
DeSean Jackson,WR,2008_2021,91477300,152970106
Kevin Zeitler,RG,2012_,90394200,129949962
DeMarcus Ware,EDGE,2005_2016,90352501,186870229
T.J. Watt,EDGE,2017_,89852281,116815034
Grady Jarrett,DT,2015_,89700440,116097298
Marcell Dareus,DT,2011_2019,89532006,154533948
Richard Seymour,DT,2001_2012,89505000,217691891
Melvin Ingram,EDGE,2012_2023,89364014,132626886
Xavien Howard,CB,2016_2023,89153038,113965857
Joe Staley,LT,2007_2019,89052250,156299805
Jason Kelce,C,2011_2023,88840432,123399564
Antonio Brown,WR,2010_2020,88228369,144752951
Matt Hasselbeck,QB,1998_2015,88163000,227555744
Marshon Lattimore,CB,2017_2023,86101324,107718434
Lavonte David,LB,2012_,86046732,122282615
Haloti Ngata,"DE, DT",2006_2018,86031250,172466190
Olivier Vernon,EDGE,2012_2020,85430080,128687228
Nick Bosa,EDGE,2019_,84886866,103259029
Randy Moss,WR,1998_2012,84809392,245007520
Clay Matthews,EDGE,2009_2019,84468750,149736178
D.J. Humphries,LT,2015_2023,84435641,110855870
Johnathan Joseph,CB,2006_2020,84358052,158998467
Tyler Lockett,WR,2015_,83803752,108566627
Nick Foles,QB,2012_2022,83755520,120349729
Alex Mack,C,2009_2021,83600000,137775113
Rodney Hudson,C,2011_2022,83286100,123020262
Taylor Decker,LT,2016_,83006978,103748960
Kenny Clark,DT,2016_,82793174,99095589
Eric Fisher,LT,2013_2022,82770137,130125579
Earl Thomas,S,2010_2019,82700000,137551461
Jimmy Graham,TE,2010_2023,82615640,129958286
Kareem Jackson,"CB, S",2010_,82608726,130316406
Taylor Lewan,LT,2014_2022,82573239,116573829
Steve Smith Sr.,WR,2001_2016,81874471,186673304
Brandon Marshall,WR,2006_2017,81731603,157270351
Carlos Dunlap,EDGE,2010_2022,80806015,129542190
Ryan Fitzpatrick,QB,2005_2021,80557750,141637488
Leonard Floyd,EDGE,2016_,80322990,104278311
Richard Sherman,CB,2011_2021,80133424,126878914
Drew Bledsoe,QB,1993_2006,79656250,332192178
Vernon Davis,TE,2006_2019,79468750,156520159
Riley Reiff,"LT, RT",2012_2023,79357818,117059247
Frank Clark,EDGE,2015_2022,79024448,105469021
Mike Williams,WR,2017_,78820056,102275455
Nate Solder,"LT, RT",2011_2021,78459242,123438194
Travis Kelce,TE,2013_,78354466,107844471
Tamba Hali,EDGE,2006_2017,78288235,155926305
Justin Smith,"EDGE, DE",2001_2014,78244000,193492245
Janoris Jenkins,CB,2012_2022,78029304,116033230
Shaquil Barrett,EDGE,2014_2023,77780388,100596914
Rodger Saffold,"LG, LT",2010_2023,77409855,117815352
DeAngelo Hall,"CB, S",2004_2017,77328823,169170580
T.Y. Hilton,WR,2012_2022,77154694,114910428
Steve McNair,QB,1995_2007,76984260,292104292
Michael Strahan,EDGE,1993_2007,76837500,291614852
Anthony Castonzo,LT,2011_2020,76251096,120153251
Joe Burrow,QB,2020_,76190136,91242467
Joel Bitonio,LG,2014_,76079346,104114179
Jason Witten,TE,2003_2020,76003000,149532350
Ryan Kerrigan,EDGE,2011_2021,75711419,120198232
Malcolm Jenkins,S,2009_2021,75700000,122681076
Ryan Kalil,C,2007_2019,75353750,138081474
Tyrod Taylor,QB,2011_,75295308,107668175
Jameis Winston,QB,2015_,75088865,106720682
Charles Johnson,EDGE,2007_2017,74724706,149332024
Maurkice Pouncey,C,2010_2020,74660434,124584665
Tony Gonzalez,TE,1997_2013,74293750,203391913
Ezekiel Elliott,RB,2016_,74271145,102603476
D'Brickashaw Ferguson,LT,2006_2015,74100000,153992756
Michael Thomas,WR,2016_2023,73878974,96653163
Adam Thielen,WR,2013_,73805279,98180703
Bud Dupree,EDGE,2015_,73708757,99134742
Cooper Kupp,WR,2017_,73503924,91746856
Denzel Ward,CB,2018_,73395475,93434111
Jurrell Casey,DE,2011_2020,73299936,114596904
Jack Conklin,RT,2016_,73106482,96912697
Demaryius Thomas,WR,2010_2019,72931750,124679185
Randall Cobb,WR,2011_2023,72517325,109863012
Rob Gronkowski,TE,2010_2021,72418125,119116896
Josh Norman,CB,2012_2023,72412110,109380015
Tua Tagovailoa,QB,2020_,72275436,80302416
Daniel Jones,QB,2019_,72129056,87180981
Aqib Talib,CB,2008_2019,72107115,124471529
D.J. Moore,WR,2018_,72071314,84051468
Malik Jackson,DT,2012_2021,72050612,107669656
Ryan Jensen,C,2013_2023,72046415,95069880
Zach Ertz,TE,2013_,71669868,99962136
Troy Polamalu,S,2003_2014,71622000,160562125
Jonathan Ogden,LT,1996_2007,71382000,266684521
Antonio Gates,TE,2003_2018,71363765,148070158
Nnamdi Asomugha,CB,2003_2012,71125750,154594831
Marcus Mariota,QB,2015_,71085974,101181765
Jake Long,LT,2008_2016,71071824,146349735
Byron Jones,CB,2015_2022,71062938,95583228
Marlon Humphrey,CB,2017_,70841480,93070509
Vincent Jackson,WR,2005_2016,70790379,141658598
Linval Joseph,DT,2010_,70776676,108846946
Mark Brunell,QB,1993_2011,70637625,279308490
Kawann Short,"DE, DT",2013_2020,70630336,103010573
Robert Woods,WR,2013_,70572689,96796082
Demario Davis,LB,2012_,70524960,93820360
John Abraham,EDGE,2000_2014,70489529,173059447
Orlando Pace,LT,1997_2009,70222004,237316990
Marshal Yanda,RG,2007_2019,70219347,124877153
Robert Mathis,EDGE,2003_2016,70057421,148126231
Karlos Dansby,LB,2004_2017,69947000,144602976
Eric Weddle,S,2007_2021,69915525,128762968
Sammy Watkins,WR,2014_2022,69649721,104931891
Jamal Adams,S,2017_2023,69631308,93197848
Brandon Carr,CB,2008_2019,69209276,126361306
Greg Olsen,TE,2007_2020,69198718,120147206
Michael Brockers,"DE, DT",2012_2022,69168000,104474745
Akiem Hicks,"DE, DT",2012_2022,69020488,99271071
Trevor Lawrence,QB,2021_,68616193,79588095
Trumaine Johnson,CB,2012_2019,68506576,104269762
Javon Hargrave,DT,2016_,68290138,85629092
Chris Harris Jr.,CB,2011_2022,68105110,104478040
Emmanuel Sanders,WR,2010_2021,67946069,106167104
Ryan Ramczyk,RT,2017_,67896634,86349637
Tre'Davious White,CB,2017_,67812023,88376982
Pierre Garcon,WR,2008_2018,67577850,121052388
Jordan Gross,LT,2003_2013,67464000,156562484
Matt Judon,EDGE,2016_,67444030,86797394
Joe Thuney,LG,2016_,67269428,86249559
Trent Brown,"RT, LT",2015_,67229069,87282582
Preston Smith,EDGE,2015_,67129368,88375896
Lawrence Timmons,LB,2007_2017,67088426,130770856
Christian McCaffrey,RB,2017_,67016716,87509063
Justin Simmons,S,2016_,67008420,84490737
Marvin Harrison,WR,1996_2008,66904765,217926931
Bryan Bulaga,RT,2010_2021,66826250,106254049
Bradley Chubb,EDGE,2018_,66745240,85225276
Walter Jones,LT,1997_2009,66730226,214453251
Donovan Smith,LT,2015_2023,66607093,89190802
Jarvis Landry,WR,2014_2022,66554320,92722931
Mark Sanchez,QB,2009_2018,66297941,132957924
Anquan Boldin,WR,2003_2016,65927500,144038932
Josh Hines-Allen,EDGE,2019_,65634636,74773032
Shaq Thompson,LB,2015_,65599550,88962572
Thomas Davis,LB,2005_2019,65546419,125653281
Corey Linsley,C,2014_2023,65512000,88207824
Matt Cassel,QB,2005_2018,65494000,131485803
Quenton Nelson,LG,2018_,65148912,83843289
Teddy Bridgewater,QB,2014_2023,65052627,89063964
Dante Fowler Jr.,EDGE,2015_,64920240,93590404
Derrick Henry,RB,2016_,64639106,80965790
Michael Crabtree,WR,2009_2018,64607930,116320948
Brian Burns,EDGE,2019_,64552182,71258396
Desmond Trufant,CB,2013_2021,64372652,95819702
Reggie Wayne,WR,2001_2014,64315000,150692436
Tramon Williams,CB,2006_2020,64088118,117926927
Kurt Warner,QB,1997_2009,63858520,208977595
Marcus Peters,CB,2015_2022,63776321,87154293
Kyle Fuller,CB,2014_2022,63687000,91597663
Anthony Barr,LB,2014_2023,63446766,92301718
Luke Kuechly,LB,2012_2019,63436779,106186949
Everson Griffen,EDGE,2010_2021,63367500,102092957
Mitch Morse,C,2015_,63233082,82068201
Dion Dawkins,LT,2017_,63168528,78407999
Dee Ford,EDGE,2014_2021,63112325,88631071
Reggie Bush,RB,2006_2016,63043750,135681566
Frank Gore,RB,2005_2020,62949625,125458570
Marcedes Lewis,TE,2006_,62880000,113777606
D.J. Reader,DT,2016_,62842793,78488968
Alshon Jeffery,WR,2012_2020,62711771,93898554
Terence Newman,CB,2003_2017,62599543,145787297
Whitney Mercilus,EDGE,2012_2021,62507013,94298027
Trey Flowers,EDGE,2015_2022,62364853,84766365
Antrel Rolle,S,2005_2015,62115000,133156349
Charles Leno Jr.,LT,2014_2023,61983512,83242355
Elvis Dumervil,EDGE,2006_2017,61932000,122858856
Hunter Henry,TE,2016_,61810837,78774387
Andrus Peat,"LG, LT",2015_,61759672,83901989
Jonathan Allen,"DT, DE",2017_,61621187,82239866
Chad Pennington,QB,2000_2010,61456000,176321764
Donald Penn,LT,2007_2019,61418594,113512188
Mike Pouncey,C,2011_2020,61259695,98740240
LeSean McCoy,RB,2009_2020,61247123,108770571
Kevin Byard,S,2016_,61075192,78185181
Garett Bolles,LT,2017_,61062751,77453155
Ty Law,CB,1995_2010,60837782,218641358
Roddy White,WR,2005_2015,60820000,126548430
Brian Urlacher,LB,2000_2012,60675000,160703681
Chris Godwin,WR,2017_,60631664,76052031
Brian Orakpo,EDGE,2009_2018,60606250,108528697
Jimmie Ward,"S, CB",2014_,60481739,80967391
LaDainian Tomlinson,RB,2001_2011,60450000,168001034
Saquon Barkley,RB,2018_,60317750,76295521
Logan Ryan,"CB, S",2013_2023,60242863,84016109
A.J. Brown,WR,2019_,60242061,68891331
Junior Seau,LB,1990_2009,60223235,253227433
Sam Darnold,QB,2018_,60115694,77603684
Kyle Rudolph,TE,2011_2022,59879851,93197171
Cam Robinson,LT,2017_,59865265,74283002
Jimmy Smith,CB,2011_2021,59661700,96099853
Cameron Wake,EDGE,2009_2019,59599375,102143983
Vince Wilfork,"DT, DE",2004_2016,59437000,124445507
Quinnen Williams,DT,2019_,59088372,73765095
Xavier Rhodes,CB,2013_2022,59034802,88856548
Warren Sapp,DT,1995_2007,58982500,227026665
Ezekiel Ansah,"EDGE, DE",2013_2020,58921502,94795078
Brandon Brooks,RG,2012_2021,58639436,86521689
Michael Bennett,EDGE,2009_2019,58592279,99615749
Marvin Jones,WR,2012_2022,58242212,84439054
Kyle Williams,DT,2006_2018,58228000,109182283
Brent Grimes,CB,2007_2018,58158094,106047009
Reshad Jones,S,2010_2019,58106182,92476526
Marshawn Lynch,RB,2007_2019,58085000,113282989
Ryan Kelly,C,2016_,58075986,77244468
Andrew Norwell,LG,2014_2022,58028000,80284897
Dez Bryant,WR,2010_2020,57928618,101368654
Asante Samuel,CB,2003_2013,57633200,125241205
Jared Cook,TE,2009_2021,57620000,94074719
Antoine Winfield,CB,1999_2012,57374000,148710397
Matt Kalil,LT,2012_2018,57366598,97750584
Albert Haynesworth,DT,2002_2011,57356288,130145441
A.J. Bouye,CB,2013_2021,57188276,81745158
David DeCastro,RG,2012_2020,57133898,89334931
David Harris,LB,2007_2017,57085000,112233198
Golden Tate,WR,2010_2020,57030794,89175805
Jaire Alexander,CB,2018_,56934381,70761023
Jordy Nelson,WR,2008_2018,56589000,100681195
Orlando Brown Jr.,"LT, RT",2018_,56491720,67245442
DeVante Parker,WR,2015_2023,56355290,76379744
Nick Mangold,C,2006_2016,56328000,111507332
Emmitt Smith,RB,1990_2004,56276000,227043419
Gabe Jackson,RG,2014_2023,56166086,78797066
Muhammad Wilkerson,DE,2011_2018,55731500,92868579
Antoine Bethea,S,2006_2019,55693375,102941420
Jahri Evans,RG,2006_2017,55648300,109219230
Stephon Tuitt,DE,2014_2021,55560884,80191371
Troy Aikman,QB,1989_2000,55537000,197188903
Jordan Mailata,LT,2018_,55487569,64261812
Roquan Smith,LB,2018_,55472166,69035869
Steve Hutchinson,LG,2001_2012,55424000,133888529
Rashan Gary,EDGE,2019_,55410018,66112591
Jason McCourty,"CB, S",2009_2021,55063568,97442724
Leon Hall,CB,2007_2018,55002059,111454558
Mike Wallace,WR,2009_2018,54942500,102080199
Cordy Glenn,LT,2012_2019,54938709,86024752
Emmanuel Ogbah,EDGE,2016_,54853758,69566830
Trent Cole,EDGE,2005_2016,54843125,114540203
Alan Faneca,LG,1998_2010,54765000,140111470
Mario Addison,EDGE,2011_2022,54730377,77594693
Jacoby Brissett,QB,2016_,54720012,69758034
Derrick Johnson,LB,2005_2017,54675000,109046804
Dunta Robinson,CB,2004_2013,54638875,122948674
Darnell Dockett,"DE, DT",2004_2014,54540000,116430774
Justin Pugh,LG,2013_2023,54240749,79624657
Taylor Moton,RT,2017_,54158150,68394784
Daron Payne,DT,2018_,53957360,66003490
Jamie Collins,"LB, EDGE",2013_2022,53953179,78505211
Ryan Clady,LT,2008_2016,53928000,105699678
Dwayne Bowe,WR,2007_2015,53803727,109243428
Kevin Williams,DT,2003_2015,53773118,128013251
Kolton Miller,LT,2018_,53754312,68675609
Sheldon Richardson,"DT, DE",2013_2021,53746176,79894592
Micah Hyde,S,2013_2023,53635211,74089588
London Fletcher,LB,1998_2013,53611000,134683814
Jake Plummer,QB,1997_2006,53403325,204612448
Eric Kendricks,LB,2015_,53390295,71582961
Nate Clements,CB,2001_2012,53300750,128719945
Trey Hendrickson,EDGE,2017_,53218758,67722773
Yannick Ngakoue,EDGE,2016_,53207062,68433272
Minkah Fitzpatrick,S,2018_,53072003,66800952
Quandre Diggs,S,2015_,52888602,67166126
Trae Waynes,CB,2015_2021,52872188,75049573
Casey Hayward,CB,2012_2022,52839912,75937388
Laken Tomlinson,LG,2015_,52814953,70008675
Trevor Pryce,"DT, DE",1997_2010,52735059,159914566
Greg Jennings,WR,2006_2015,52718750,108548326
Branden Albert,LT,2008_2016,52668000,102198229
Andre Smith,"RT, LB",2009_2020,52627506,99853715
Deion Jones,LB,2016_2023,52588829,69089843
Budda Baker,S,2017_,52574787,67209227
Shaquille Mason,RG,2015_,52563024,69262305
Shaquille Leonard,LB,2018_2023,52534764,67991776
Lance Briggs,LB,2003_2014,52527600,113227780
Corey Davis,WR,2017_2022,52484750,72926712
Steven Jackson,RB,2004_2015,52336618,115138494
Vontae Davis,CB,2009_2018,52310221,92422634
Baker Mayfield,QB,2018_,52300980,69945122
Brandon Williams,"DE, DT",2013_2022,52105900,75486817
Dont'a Hightower,LB,2012_2021,52014066,80913658
CeeDee Lamb,WR,2020_,52010014,55690590
Derek Wolfe,DE,2012_2021,52004221,79186219
Kelechi Osemele,LG,2012_2020,51933370,79789172
Logan Mankins,LG,2005_2015,51915294,109287280
Chad Greenway,LB,2006_2016,51875000,107439243
Case Keenum,QB,2012_,51819176,72614123
Lamarr Woodley,EDGE,2007_2015,51765029,108487021
Marshall Faulk,RB,1994_2007,51765000,226130497
Will Smith,EDGE,2004_2013,51759118,115970656
Haason Reddick,EDGE,2017_,51728172,65931503
Josh Sitton,LG,2008_2018,51696500,93513418
Todd Gurley,RB,2015_2020,51503202,75168339
Landon Collins,S,2015_2022,51442091,71022766
Chris McAlister,CB,1999_2009,51421368,152657787
Mark Barron,"LB, S",2012_2019,51260617,84607624
Paul Posluszny,LB,2007_2017,51250000,99691092
Josh McCown,QB,2002_2020,51231059,95778648
Jonathan Stewart,RB,2008_2018,51218750,97391958
Kendall Fuller,CB,2016_,51163424,64082084
Adam Vinatieri,K,1996_2019,51132000,117113211
Ed Reed,S,2002_2013,51060000,119255158
Dan Marino,QB,1983_1999,51000000,180510614
Tyson Jackson,"DE, DT, EDGE",2009_2016,50975000,100926557
Derwin James,S,2018_,50973423,63495924
Patrick Surtain,CB,1998_2008,50946250,154013330
Michael Johnson,EDGE,2009_2018,50663520,92502120
La'el Collins,"RT, LG",2015_2023,50549544,67783065
A.J. Hawk,LB,2006_2015,50500809,108868341
Dre Kirkpatrick,CB,2012_2020,50420621,79562108
Chris Lindstrom,RG,2019_,50410756,60194544
James Bradberry,CB,2016_,50210836,65332799
Christian Wilkins,"DT, DE",2019_,50192098,56828142
Justin Jefferson,WR,2020_,50060806,53504305
Brandon Flowers,CB,2008_2016,50017000,98031162
Sean Lee,LB,2010_2020,49993750,85058500
George Kittle,TE,2017_,49919825,62452689
Ronde Barber,CB,1997_2012,49675000,133766292
Keith Brooking,LB,1998_2012,49625000,147261447
Jeremy Maclin,WR,2009_2017,49578125,89797019
K.J. Wright,LB,2011_2021,49567000,76657037
Mike McGlinchey,RT,2018_,49481876,62295773
Adoree' Jackson,CB,2017_,49459482,64913878
Steve Young,QB,1985_1999,49372000,180174867
Myles Jack,LB,2016_2023,49368004,66564193
Bruce Irvin,"EDGE, LB",2012_2023,49323582,78172445
Frank Ragnow,C,2018_,49304395,62429931
Cortland Finnegan,CB,2006_2015,49264993,102250866
Fred Warner,LB,2018_,49206325,61066016
Bradley Roby,CB,2014_2023,49128920,69439181
Charles Tillman,CB,2003_2015,49125000,109235135
David Carr,QB,2002_2012,49090000,141493802
Dominique Rodgers-Cromartie,CB,2008_2019,49003456,91171723
Eddie Jackson,S,2017_,48980808,61764334
DeMeco Ryans,LB,2006_2015,48920000,99651852
Hines Ward,WR,1998_2011,48894250,131152884
Marcus Williams,S,2017_,48852410,61639363
Chad Johnson,WR,2001_2011,48849250,125936220
Sebastian Janikowski,K,2000_2018,48770500,109657226
Patrick Willis,LB,2007_2014,48686250,101043288
D.K. Metcalf,WR,2019_,48685679,58877143
Derrick Brown,DT,2020_,48621404,54870311
Donte Whitner,S,2006_2016,48553985,102101649
Clinton Portis,RB,2002_2010,48544750,110526603
Cliff Avril,EDGE,2008_2017,48475000,92456326
Rob Havenstein,RT,2015_,48396489,63349155
Star Lotulelei,DT,2013_2021,48261500,73911040
Kam Chancellor,S,2010_2018,48171131,80726759
Eric Wood,C,2009_2017,48135000,87164903
Nelson Agholor,WR,2015_,47925401,65398842
Santana Moss,WR,2001_2014,47914020,118843163
DaQuan Jones,"DE, DT",2014_,47832400,62248538
Blake Bortles,QB,2014_2021,47770804,76036798
Domata Peko,DT,2006_2020,47742000,91342516
Tyrone Crawford,DT,2012_2020,47740252,73908357
Braden Smith,RT,2018_,47732730,61105250
Tyler Boyd,WR,2016_,47708970,62070178
Darren McFadden,RB,2008_2016,47637500,97905968
Denico Autry,"DE, EDGE",2014_,47608100,61425246
Justin Tucker,K,2012_,47546000,66948744
Joey Porter,EDGE,1999_2011,47544000,123972853
Curtis Samuel,WR,2017_,47453660,59314261
John Elway,QB,1983_1998,47445000,133858941
Ike Taylor,CB,2003_2014,47435500,103983299
Christian Kirk,WR,2018_,47396968,57852476
Tremaine Edmunds,LB,2018_,47375544,58409447
Mitchell Trubisky,QB,2017_,47317436,64441000
Chris Johnson,RB,2008_2016,47190304,97350225
Quentin Jammer,CB,2002_2013,47116664,122869588
Mike Iupati,LG,2010_2020,47047863,80382104
Calvin Pace,EDGE,2003_2015,46914558,106114935
Curtis Martin,RB,1995_2006,46882633,183169545
Delanie Walker,TE,2006_2019,46868875,79939581
David Onyemata,DT,2016_,46738226,58766134
Dontari Poe,DT,2012_2019,46716006,74844104
Antonio Cromartie,CB,2006_2015,46675000,95873110
Michael Roos,LT,2005_2014,46505010,98749137
John Randle,DT,1990_2003,46462333,209990713
Brandon Mebane,DT,2007_2019,46447000,83778793
Antonio Smith,"DE, DT, EDGE",2004_2016,46399758,95745497
William Jackson III,CB,2016_2022,46288613,63411407
Glenn Dorsey,"DE, DT",2008_2016,46270000,94892487
Prince Amukamara,CB,2011_2020,46210398,75248806
Cody Whitehair,"LG, C",2016_,46039568,59170790
Brian Cushing,LB,2009_2017,45821765,87326091
Brian O'Neill,RT,2018_,45784205,59234832
Mike Daniels,"DE, DT",2012_2021,45724056,72356659
Ryan Pickett,DT,2001_2014,45601471,106102005
Heath Miller,TE,2005_2015,45590000,95826153
Max Unger,C,2009_2018,45527000,82141788
Tyson Alualu,"EDGE, DT, DE",2010_2023,45526744,80031886
Bart Scott,LB,2002_2012,45511500,100290160
Danny Trevathan,LB,2012_2021,45381660,67412042
Malcolm Butler,CB,2014_2020,45259583,63045783
Kyle Van Noy,"EDGE, LB",2014_,45252103,61842251
J.C. Jackson,CB,2018_2023,45193999,55163157
DeAngelo Williams,RB,2006_2016,45125000,94443852
Kenny Golladay,WR,2017_2022,45078824,58747593
Geno Smith,QB,2013_,45014603,57149060
Devin White,LB,2019_,44986814,56612318
Joe Mixon,RB,2017_,44978721,56517142
Sheldon Rankins,DT,2016_,44918116,59014098
Kenny Moore,CB,2017_,44917500,55780599
Le'Veon Bell,RB,2013_2021,44808885,64116253
Darren Sproles,RB,2005_2019,44651100,85906130
Osi Umenyiora,EDGE,2003_2014,44645000,103781749
J.C. Tretter,C,2013_2021,44625908,63306777
Jordan Poyer,"S, CB",2013_,44622609,59823646
Kevin Mawae,C,1994_2009,44525068,157059001
Mitchell Schwartz,RT,2012_2020,44370840,67028146
Brandon Linder,C,2014_2021,44367012,63648793
Donald Driver,WR,1999_2012,44348125,107903445
NaVorro Bowman,LB,2010_2017,44331770,79424022
Jonah Williams,"LT, RT",2019_,44234166,51867202
Brian Dawkins,S,1996_2011,44205500,137841978
Trai Turner,RG,2014_2023,44124499,62895707
Mason Crosby,K,2011_2023,44008888,71063238
Corey Liuget,"DE, DT",2011_2019,43972979,75693577
James Harrison,"EDGE, LB",2002_2017,43939772,90542855
Andy Levitre,LG,2009_2018,43890000,80578625
Paul Soliai,DT,2007_2016,43879971,87860724
Deion Sanders,CB,1989_2005,43817999,208469421
Eugene Monroe,LT,2009_2015,43750000,86204264
Matt Forte,RB,2008_2017,43714625,83706027
Corey Webster,CB,2005_2013,43645000,93373122
LaRon Landry,S,2007_2014,43644118,92793698
Robbie Chosen,WR,2016_2023,43588699,57125146
Jerry Rice,WR,1985_2004,43555000,156699775
Stephen Gostkowski,K,2006_2020,43495875,76165470
Carl Lawson,EDGE,2017_,43447426,55726345
Robbie Gould,K,2009_2022,43437353,72501791
Jordan Hicks,LB,2015_,43358614,56849046
Lamarcus Joyner,S,2014_2022,43358355,61096268
Damon Harrison,DT,2012_2020,43357118,66737205
Colin Kaepernick,QB,2011_2016,43349296,78437436
Andrew Thomas,LT,2020_,43345588,53423080
Jon Beason,LB,2007_2015,43111925,89319628
Chase Daniel,QB,2009_2022,43102217,68728645
T.J. Lang,RG,2009_2018,43070625,74206465
Harold Landry,EDGE,2018_,43018459,52744501
Tommy Kelly,"DT, DE",2004_2014,43000000,92106241
Michael Griffin,S,2007_2016,42969131,87539521
Vita Vea,DT,2018_,42911619,54167968
Justin Tuck,EDGE,2005_2015,42897000,89282675
Levi Brown,LT,2007_2013,42892500,92001634
Graham Gano,K,2012_,42880000,62471888
Marques Colston,WR,2006_2015,42859600,87945846
Tashaun Gipson,S,2012_2023,42741667,62499800
Alvin Kamara,RB,2017_,42700272,48908749
Taysom Hill,"TE, QB",2017_,42670000,54439771
Kamerion Wimbley,EDGE,2006_2014,42657500,91791030
Deebo Samuel,WR,2019_,42609481,52039925
Derrick Morgan,EDGE,2010_2018,42588760,75762447
Jonnu Smith,TE,2017_,42566993,54448238
D'Qwell Jackson,LB,2006_2016,42542382,85561284
Morgan Moses,RT,2014_,42488929,59032261
Ben Jones,"C, LG",2012_2022,42463448,60894667
Julian Edelman,WR,2009_2020,42372487,66815930
Joey Galloway,WR,1995_2009,42320824,155651247
Jabaal Sheard,EDGE,2011_2020,42309413,67278323
Jessie Bates III,S,2018_,42137115,50639317
Foyesade Oluokun,LB,2018_,42129628,49140536
Diontae Johnson,WR,2019_,42077195,48947520
Jermon Bushrod,"LT, RG",2007_2018,42065272,81307125
Darren Waller,TE,2015_2023,42050241,52954802
Chris Snee,RG,2004_2013,42035000,92796582
Calvin Ridley,WR,2018_,42016732,47951323
Dalvin Tomlinson,DT,2017_,41987102,53693504
Jamaal Charles,RB,2008_2017,41957647,79985982
Percy Harvin,WR,2009_2016,41823824,82615615
Reggie Nelson,S,2007_2018,41721875,79972164
Jaylen Waddle,WR,2021_,41605996,49537608
Davon Godchaux,DT,2017_,41499948,49839708
Tavon Austin,WR,2013_2021,41462524,68038655
Brock Osweiler,QB,2012_2018,41396678,67273313
Doug Baldwin,WR,2011_2018,41337500,67754717
Evan Engram,TE,2017_,41331546,52829783
Casey Hampton,"DT, DE",2001_2012,41295680,101757524
Adrian Amos,S,2015_,41287891,55163285
Jerod Mayo,LB,2008_2015,41275000,83941051
Kelvin Beachum,"LT, RT",2012_,41232896,60191572
Cordarrelle Patterson,"WR, RB",2013_,41121046,58520309
Daryl Smith,LB,2004_2016,41067000,88074987
Dalvin Cook,RB,2017_,41005075,52164833
Wes Welker,WR,2004_2015,40945589,87262083
Graham Glasgow,"RG, C",2016_,40933302,52147950
Sam Madison,CB,1997_2008,40747000,143745493
Jared Veldheer,"RT, LT",2010_2023,40690838,68901080
Kyle Juszczyk,FB,2013_,40577055,55059363
David Njoku,TE,2017_,40538344,51784746
Mark Andrews,TE,2018_,40524219,51356841
Cory Redding,"EDGE, DE",2003_2015,40501500,89096911
Bobby Massie,RT,2012_2021,40478343,59866109
Ted Ginn,WR,2007_2019,40420836,76623253
Buster Skrine,CB,2011_2021,40412097,62686174
Miles Austin,WR,2006_2014,40347650,81879321
George Fant,"LT, RT",2016_,40269764,51147534
Anthony Hitchens,LB,2014_2021,40261864,56759077
Robert Alford,CB,2013_2021,40235842,59179505
Nick Perry,EDGE,2012_2018,40211750,65176117
Courtland Sutton,WR,2018_,40182527,50315985
Lardarius Webb,"CB, S",2009_2017,40109520,77472316
Chris Canty,"DT, DE",2005_2015,39842000,82632061
Ben Grubbs,LG,2007_2015,39800000,80954684
Jairus Byrd,S,2009_2017,39779235,74627587
Alec Ogletree,LB,2013_2021,39733083,60797931
Travis Frederick,C,2013_2019,39691028,61852396
T.J. Hockenson,TE,2019_,39678226,49121499
Chad Henne,QB,2008_2022,39675100,68466300
Ricky Wagner,RT,2013_2020,39550560,57882069
Ja'Wuan James,"RT, LT",2014_2022,39509398,57577800
Justin Herbert,QB,2020_,39476254,48271037
Sean Smith,CB,2009_2017,39461000,70021368
Kellen Winslow,TE,2004_2013,39456912,94243426
Christian Kirksey,LB,2014_2022,39385030,55571459
JaMarcus Russell,QB,2007_2009,39365000,78843373
Matt Milano,LB,2017_,39328869,49891771
Randy Starks,"DT, DE",2004_2015,39319750,82307361
A.J. Terrell,CB,2020_,39305746,43065347
Leonard Fournette,RB,2017_2023,39144885,54904785
JuJu Smith-Schuster,WR,2017_,39015484,47589948
Cole Beasley,WR,2012_2022,38850610,57164152
Brian Hoyer,QB,2009_2023,38797590,59069337
Ronald Darby,CB,2015_,38791749,51291690
Kyle Long,RG,2013_2021,38721952,62353881
Robert Geathers,EDGE,2004_2014,38711000,85112259
David Johnson,RB,2015_2022,38612609,53748275
Adam Jones,CB,2005_2017,38608010,77706412
Braylon Edwards,WR,2005_2012,38606764,92093967
Aaron Jones,RB,2017_,38596183,48451873
Ahtyba Rubin,"DE, DT",2008_2018,38506347,75288041
Matt Prater,K,2012_,38503529,59411260
Morgan Burnett,S,2010_2019,38464350,66353529
Charles Clay,TE,2011_2019,38438000,64089337
De'Vondre Campbell,LB,2016_,38384058,47716064
Danny Amendola,WR,2008_2021,38298153,64527026
William Gholston,"DE, DT, EDGE",2013_,38224044,53946064
Darrius Heyward-Bey,WR,2009_2018,38199000,76246000
Jeffery Simmons,DT,2019_,38170225,45870823
Ereck Flowers,"LG, RT, LT",2015_2021,38139479,56141777
Marcus Cannon,RT,2011_2022,38136944,59812044
Allen Bailey,"DE, EDGE",2011_2020,38086569,61615960
Ahmad Brooks,"LB, EDGE",2006_2017,38062000,73113817
Grover Stewart,DT,2017_,38002648,46798789
Vic Beasley,LB,2015_2020,37953624,55526397
Terry McLaurin,WR,2019_,37933789,46426476
Jack Doyle,TE,2013_2021,37904750,54255101
Montez Sweat,EDGE,2019_,37817731,45261850
Eric Ebron,TE,2014_2021,37749146,57186247
Solomon Thomas,"EDGE, DT",2017_,37734382,53203478
Arian Foster,RB,2009_2015,37706559,75909842
Kevin Kolb,QB,2007_2013,37680375,78485443
James Carpenter,LG,2011_2021,37654266,60963137
Maxx Crosby,EDGE,2019_,37566264,44818021
Austin Hooper,TE,2016_,37519524,49268093
C.J. Uzomah,TE,2015_,37510264,48323185
Dexter Lawrence,"DT, DE",2019_,37501040,45229689
Carlos Rogers,CB,2005_2014,37442125,83602511
Jermaine Gresham,TE,2010_2018,37423125,64974265
Zach Cunningham,LB,2017_,37339091,48949112
Ali Marpet,"LG, C",2015_2021,37273586,51459205
Maliek Collins,DT,2016_,37267770,46977772
Dashon Goldson,S,2007_2016,37254290,73595561
Thomas Morstead,P,2012_,37245834,60228658
Davin Joseph,RG,2006_2014,37200000,78870691
Brian Robison,EDGE,2007_2017,37139000,71566211
DeVonta Smith,WR,2021_,37086392,42843024
Jordan Phillips,DT,2015_,37070261,49823402
Chris Clemons,EDGE,2003_2015,36992976,76115276
Ed Oliver,DT,2019_,36953154,45917779
Josh Sweat,EDGE,2018_,36921945,44494202
Gosder Cherilus,RT,2008_2016,36825000,73666062
Romeo Okwara,EDGE,2016_2023,36801258,48642809
Mark Ingram,RB,2011_2022,36765852,58610578
Doug Free,RT,2007_2016,36716000,73070087
Jerome Baker,LB,2018_,36713228,44655084
Richie Incognito,"LG, RG",2005_2021,36613118,65682461
Maurice Jones-Drew,RB,2006_2014,36590000,76229569
Jason Smith,LT,2009_2012,36565000,74508623
Jonathan Babineaux,DT,2005_2016,36555588,75482119
Steven Nelson,CB,2015_2023,36499713,47949070
Chase Young,EDGE,2020_,36423598,45596450
Cullen Jenkins,"DT, DE",2004_2016,36419059,77295349
Rod Smith,WR,1994_2007,36376070,127941270
Kenny Stills,WR,2013_2021,36295007,52482524
Shaquill Griffin,CB,2017_,36289326,46809928
Jonathan Jones,CB,2016_,36201470,46284766
Daniel Graham,TE,2002_2011,35955000,86724538
Jeff Faine,C,2003_2012,35933750,84163175
Rayshawn Jenkins,S,2017_,35921977,44546220
Robert Hunt,RG,2020_,35848867,38115690
Josh Jacobs,RB,2019_,35824398,41355240
Edgerrin James,RB,2005_2008,35799750,89379488
Jarret Johnson,EDGE,2003_2014,35795000,78008333
Phil Dawson,K,1998_2018,35705000,75454426
Nick Chubb,RB,2018_,35666749,45997869
Tyler Higbee,TE,2016_,35618507,45994150
Clelin Ferrell,EDGE,2019_,35610816,46537336
Rodney McLeod,S,2012_,35605000,53276255
Patrick Chung,S,2009_2020,35592500,58783016
Brandon Aiyuk,WR,2020_,35531350,38816801
Carlton Davis,CB,2018_,35482347,43120889
James Laurinaitis,LB,2009_2015,35440000,69653934
Roy Robertson-Harris,"DT, DE",2016_,35153255,43196227
Penei Sewell,RT,2021_,35152832,42148970
A'Shawn Robinson,DT,2016_,35071874,43850215
Jeremy Shockey,TE,2002_2011,35057501,90988852
Jeff Okudah,CB,2020_,35028524,43924786
Elgton Jenkins,"LG, RT",2019_,35012598,43445009
Vonn Bell,S,2016_,34960533,43238238
D.J. Williams,LB,2004_2014,34888024,79546968
Sam Shields,CB,2010_2018,34839248,63344280
Shane Lechler,P,2000_2017,34837000,76272650
Vince Young,QB,2006_2011,34770020,76647034
Marcus Davenport,EDGE,2018_,34765488,44101354
Donte Jackson,CB,2018_,34616773,41444810
Santonio Holmes,WR,2006_2013,34511765,74327615
Shaq Lawson,EDGE,2016_2023,34467998,47756115
Melvin Gordon,RB,2015_2023,34437636,49358467
Mark Glowinski,RG,2015_2023,34396791,45012089
Randy Gregory,EDGE,2015_2023,34396782,42272487
Weston Richburg,C,2014_2020,34377347,49627124
Shaun Alexander,RB,2000_2007,34346649,99104736
Dallas Goedert,TE,2018_,34197632,43341171
Michael Oher,"LT, RT",2009_2016,34170000,63174428
Javon Walker,WR,2002_2009,34100000,84989430
Halapoulivaati Vaitai,"RG, RT",2016_2023,34046595,44557856
Andy Lee,P,2004_2022,33969500,61216103
Martellus Bennett,TE,2008_2017,33922500,61806694
Jerome Bettis,RB,1993_2005,33872500,140105739
David Stewart,RT,2005_2013,33854000,72230820
Kwon Alexander,LB,2015_,33823662,45482338
John Sullivan,C,2008_2018,33807779,61945383
Barry Sanders,RB,1989_1998,33759500,155532863
Robert Griffin III,QB,2012_2020,33719098,62330207
Steve Johnson,WR,2008_2016,33504030,66737420
Byron Maxwell,CB,2011_2017,33472570,56665728
D.J. Hayden,CB,2013_2021,33441142,52344245
Jordan Reed,TE,2013_2020,33365545,50818988
Paul Kruger,EDGE,2009_2016,33345000,64825229
Nate Burleson,WR,2003_2013,33289000,73596160
Glover Quin,S,2009_2018,33278254,58512367
John Franklin-Myers,"EDGE, DE",2018_,33272356,39646773
Ben Watson,TE,2004_2019,33260294,68733201
Jaylon Smith,LB,2016_2023,33258572,45501689
Chidobe Awuzie,CB,2017_,33227697,40890482
Charvarius Ward,CB,2018_,33189000,40209030
Jarran Reed,DT,2016_,33155483,43502396
Connor McGovern,C,2016_,33128682,43291386
Orlando Scandrick,CB,2008_2018,33126618,61868344
Vontaze Burfict,LB,2012_2019,33115830,54806594
Brent Celek,TE,2007_2017,33077180,63448334
Jerry Jeudy,WR,2020_,33067958,37064638
Alejandro Villanueva,"RT, LT",2014_2021,33067100,47151146
Tim Couch,QB,1999_2003,33064000,130047652
Vinny Curry,"EDGE, DE",2012_2022,32931332,51495454
Uchenna Nwosu,EDGE,2018_,32912779,39741187
Sterling Shepard,WR,2016_,32871469,44840953
Ty Warren,"DE, DT",2003_2012,32862494,80518561
Willis McGahee,RB,2003_2013,32847412,78287094
B.J. Raji,"DE, DT",2009_2015,32837500,65761706
Brett Keisel,DE,2002_2014,32833750,72599083
Ryan Succop,K,2009_2022,32800250,52712065
Eddie George,RB,1996_2004,32774510,134430993
Johnathan Hankins,"DE, DT",2013_,32678701,47595481
Leodis McKelvin,CB,2008_2016,32677500,65798921
Tytus Howard,RT,2019_,32633432,39491002
Morris Claiborne,CB,2012_2019,32583509,57541977
Scott Wells,C,2004_2014,32483162,69917001
Shelby Harris,"DE, EDGE, DT",2014_,32475936,41908342
Patrick Surtain II,CB,2021_,32444237,38458126
Michael Turner,RB,2004_2012,32425000,71035968
Zach Wilson,QB,2021_,32424043,42881435
Tom Nalen,C,1994_2008,32419788,114238259
Reggie White,EDGE,1985_2000,32400000,97145579
Marcus Gilbert,RT,2011_2020,32386238,54769402
Kenny Britt,WR,2009_2017,32358834,56697179
Devin Hester,WR,2006_2016,32352023,66145120
Cory Littleton,LB,2016_2022,32350049,43196209
Wyatt Teller,RG,2018_,32237124,39932256
Billy Turner,"RT, LG, RG",2014_2023,32201559,44293104
Nick Hardwick,C,2004_2014,32120000,69785132
Tony Jefferson,S,2013_,32052520,47327765
Marcus Maye,S,2017_,31918218,41713893
Jason Babin,EDGE,2004_2015,31914720,71801495
Tony Boselli,LT,1995_2002,31885500,152835273
Carl Nicks,LG,2008_2013,31878750,66853450
Chris Boswell,K,2015_,31841947,42079559
A.J. Klein,LB,2013_2023,31757411,45113621
Mohamed Sanu,WR,2012_2021,31734571,48963085
Matt Paradis,C,2014_2021,31717100,43723667
Larry Ogunjobi,"DT, DE",2017_,31612877,39654600
Sam Koch,P,2011_2021,31600000,53198786
Patrick Robinson,CB,2010_2020,31594500,52709483
Darious Williams,CB,2018_,31574000,37764398
Ronald Leary,"RG, LG",2012_2019,31533250,47065120
Justin Blalock,LG,2007_2014,31467000,66135347
John Brown,WR,2014_2022,31444360,43900711
Michael Davis,CB,2017_,31412965,39878981
Xavier McKinney,S,2020_,31391046,33570136
Matt Bryant,K,2002_2018,31350736,60286667
Owen Daniels,TE,2006_2015,31347500,64125700
Derek Barnett,EDGE,2017_,31334341,42764177
Jabari Greer,CB,2004_2013,31330000,66320951
Nnamdi Madubuike,"DT, DE",2020_,31324495,32758500
Lawrence Guy,"DT, DE",2011_2023,31249832,44022758
David Andrews,C,2015_,31176029,39558847
Adrian Clayborn,EDGE,2011_2020,31147666,51865341
Chris Myers,C,2005_2014,31044882,64993028
Zach Miller,TE,2007_2014,31042625,65213840
Jabrill Peppers,S,2017_,31032236,39694478
Tyvon Branch,S,2008_2017,31015825,60732510
Jermey Parnell,RT,2009_2018,30979841,51961210
Kyle Orton,QB,2005_2014,30868000,64794049
Wesley Woodyard,LB,2008_2019,30866250,53741303
Aaron Curry,LB,2009_2011,30767500,62244359
Anthony Spencer,EDGE,2007_2014,30729634,64972470
Jamison Crowder,WR,2015_,30680124,41565534
Connor Barwin,EDGE,2009_2018,30660000,55058317
Dorance Armstrong Jr.,EDGE,2018_,30639992,34213891
Torrey Smith,WR,2011_2018,30464232,50959931
Chris Hubbard,"RT, LT",2013_,30422500,42151934
Stephen Tulloch,LB,2006_2016,30315500,60422028
Nate Washington,WR,2005_2015,30305670,62467676
Matt Slater,WR,2008_2023,30283750,48437425
Vonnie Holliday,DT,1998_2012,30262450,89445249
Larry Warford,RG,2013_2019,30238000,45169871
C.J. Spiller,RB,2010_2017,30230176,58554548
Julius Thomas,TE,2011_2017,30224000,51941609
Pernell McPhee,EDGE,2011_2021,30222108,49661640
Robert Ayers,EDGE,2009_2017,30187500,54557366
Austin Ekeler,RB,2017_,30170000,37431006
Eddie Goldman,DT,2015_,30125907,43430965
Devon Kennard,"EDGE, LB",2014_2021,30069955,42193663
John Lynch,S,1993_2007,30035750,111688244
Dean Lowry,DE,2016_,30035745,38919373
Jared Odrick,EDGE,2010_2016,30016943,54454208
Michael Gallup,WR,2018_2023,30005509,36563615
Sam Baker,LT,2008_2014,30000000,61402869
William Hayes,EDGE,2008_2018,29923300,52707385
Allen Hurns,WR,2014_2021,29847500,45059479
Sheldon Brown,CB,2002_2012,29795000,73765861
John Johnson,S,2017_,29696913,39336039
Tyrell Williams,WR,2015_2020,29540594,40122556
Tiki Barber,RB,1997_2006,29533250,99741284
Curtis Lofton,LB,2008_2015,29525000,57971913
Eric Decker,WR,2010_2017,29515150,52811289
Mike Glennon,QB,2013_2022,29487129,44995630
Derek Anderson,"QB, Qb",2005_2018,29405634,59288391
Giovani Bernard,RB,2013_2022,29388340,44725998
Brian Winters,RG,2013_2020,29360626,43454538
Lamar Miller,RB,2012_2020,29359684,45680440
T.J. Houshmandzadeh,WR,2001_2011,29294765,56848946
Todd Herremans,"RT, LG, RG",2005_2014,29293000,62937410
Johnny Hekker,P,2012_,29244424,42396841
Luke Joeckel,"LG, LT",2013_2017,29201598,53936600
Dawson Knox,TE,2019_,29182180,33714013
Dre'Mont Jones,"DT, DE",2019_,29172600,34053805
Folorunso Fatukasi,DT,2018_,29164609,34848274
Isaac Seumalo,LG,2016_,29090864,37319433
Kenny Vaccaro,S,2013_2020,29090513,45696487
Dalton Schultz,TE,2018_,29086944,34115247
Greg Robinson,LT,2014_2019,29074098,49371297
Jawaan Taylor,RT,2019_,29068865,34658667
Blake Martinez,LB,2016_2023,29026148,38761011
Anthony Fasano,TE,2006_2017,28980375,57080163
Courtney Brown,EDGE,2000_2006,28978250,103307139
Austin Howard,RT,2010_2018,28975112,51562529
Cameron Brate,TE,2014_2022,28938388,39583352
Victor Cruz,WR,2010_2016,28934441,54840325
Justin Britt,C,2014_2022,28907257,41721201
Jalen Hurts,QB,2020_,28897560,33557860
J.R. Sweezy,RG,2012_2020,28882598,44279046
Kendall Langford,"DT, DE, EDGE",2008_2016,28872271,56126871
Christian Darrisaw,LT,2021_,28866217,32494647
Drayton Florence,CB,2003_2013,28851706,64786420
Roman Harper,S,2006_2016,28820500,59819054
Will Beatty,LT,2009_2017,28798788,56659898
Trey Lance,QB,2021_,28794541,38924517
Alan Branch,DT,2007_2017,28630147,55676854
Joseph Noteboom,LT,2018_,28595518,34421164
Benardrick McKinney,LB,2015_2021,28557874,40698004
Brandon McManus,K,2014_,28505295,38943477
Corey Peters,DT,2010_2022,28463314,44884528
Noah Fant,TE,2019_,28440724,33576952
Vance McDonald,TE,2013_2020,28352303,42940384
Josh Freeman,QB,2009_2015,28328824,58252215
DeAndre Levy,LB,2009_2016,28267700,52323368
Mathias Kiwanuka,"LB, EDGE",2006_2014,28247875,60351577
Anthony Davis,RT,2010_2014,28218468,57870706
Ray Rice,RB,2008_2013,28204000,59390501
Marquise Brown,WR,2019_,28200340,33956754
Taron Johnson,CB,2018_,28161088,33546648
Cameron Erving,DE,2015_2023,28084746,40313165
Demar Dotson,RT,2009_2020,28078125,45503733
Michael Onwenu,RT,2020_,27980468,29136828
Jaylon Johnson,CB,2020_,27969669,29839398
Al Woods,DT,2010_2023,27955061,41415640
Brett Kern,P,2011_2022,27891388,44432338
Max Starks,RT,2004_2012,27857059,60125786
Darian Stewart,S,2010_2019,27852500,45876937
Logan Thomas,"TE, QB",2014_2023,27809192,36511986
Colt McCoy,QB,2010_2022,27768500,41810668
Kyle Pitts,TE,2021_,27762700,37518488
Blaine Gabbert,QB,2011_2023,27761646,47600896
B.J. Hill,"DT, DE",2018_,27705551,34147347
Trent Murphy,EDGE,2014_2020,27686712,39537455
Hayden Hurst,TE,2018_,27637503,33918863
Samson Ebukam,EDGE,2017_,27611188,34460098
James Hurst,"RT, LT, LG",2014_2023,27572382,36852160
Austin Corbett,"RG, C",2018_,27518394,34245266
Barry Cofield,DT,2006_2015,27498154,57427757
Travon Walker,EDGE,2022_,27468844,33478429
Barkevious Mingo,"LB, EDGE",2013_2020,27409502,47691691
Sidney Rice,WR,2007_2013,27357500,57854037
Chukwuma Okorafor,RT,2018_,27345364,32967143
Will Fuller,WR,2016_2021,27337499,39043403
Kyle Dugger,S,2020_,27328733,29627708
Lamarr Houston,EDGE,2010_2017,27311551,49838257
Joe Schobert,LB,2016_2021,27243056,36659069
Trey Burton,TE,2014_2020,27221147,38665142
Sam Hubbard,EDGE,2018_,27173376,34987385
Trevon Diggs,CB,2020_,27152966,31614560
T.J. Ward,S,2010_2017,26888706,48597141
Landon Dickerson,LG,2021_,26761215,28920948
Malik Hooker,S,2017_,26711284,34964127
Zay Jones,WR,2017_,26689764,33873928
Gerald Everett,TE,2017_,26669448,34078352
Justin Jones,DT,2018_,26643140,30820483
Eddie Royal,WR,2008_2016,26494830,51368398
Tyler Eifert,TE,2013_2020,26459876,41628861
Shaun Hill,QB,2002_2016,26456000,54884477
Ryan Mathews,RB,2010_2016,26420000,52212618
Ka'imi Fairbairn,K,2016_,26405500,32921209
Isaac Sopoaga,"DE, DT",2004_2013,26379250,56579559
Austin Johnson,DT,2016_,26372228,33737286
Travis Benjamin,WR,2012_2021,26369111,41038193
Drew Stanton,QB,2007_2020,26360250,46621605
Levon Kirkland,LB,1992_2002,26325000,121154515
Breno Giacomini,RT,2008_2017,26301288,47922570
Dustin Colquitt,P,2013_2021,26299640,44218233
Tahir Whitehead,LB,2012_2021,26293444,39767974
Tim Jennings,CB,2006_2014,26262000,52500109
Mychal Kendricks,LB,2012_2020,26260988,43696702
Justin Reid,S,2018_,26217592,32213591
Aidan Hutchinson,EDGE,2022_,26186708,31912458
Zach Strief,RT,2006_2017,26142430,49520469
D.J. Jones,DT,2017_,26137868,32201955
Dwayne Allen,TE,2012_2018,26137378,42310752
Devonta Freeman,RB,2014_2021,26134820,39313947
Henry Anderson,"DE, EDGE, DT",2015_2023,26118588,35634865
Nick Fairley,DT,2011_2017,26107750,47045360
Justin Coleman,CB,2015_2022,26026500,35463883
Jason Myers,K,2015_,25997059,33240733
Cedric Benson,RB,2005_2012,25981235,62486118
Laurent Duvernay-Tardif,RG,2014_2022,25970611,38063691
Barry Church,S,2010_2017,25957515,43681832
Ja'Marr Chase,WR,2021_,25956963,35057916
James Daniels,RG,2018_,25955408,32417711
Mike Mitchell,S,2009_2018,25868882,46268763
Corey Graham,"S, CB",2007_2018,25855500,47808946
Steve McLendon,DT,2009_2021,25797006,41926569
Nick Boyle,TE,2015_2022,25785075,34952808
Kenyan Drake,RB,2016_2023,25772548,33791743
Matt Moore,QB,2007_2020,25769265,48802498
Bobby McCain,"S, CB",2015_,25682788,34431188
Dannell Ellerbe,LB,2009_2017,25679588,49316309
Evan Mathis,"LG, RG",2005_2016,25590304,51048585
A.J. Cann,RG,2015_2022,25577206,34653506
L'Jarius Sneed,CB,2020_,25575850,26797856
DeMarco Murray,RB,2011_2017,25573969,43991310
Bryce Callahan,CB,2015_2022,25568400,34939409
Keanu Neal,"LB, S",2016_2023,25481146,35429567
Quinton Jefferson,"DT, EDGE, DE",2016_,25474107,32174178
Darnell Savage Jr.,S,2019_,25418688,30673144
Derek Stingley Jr.,CB,2022_,25370806,30915934
Bryce Young,QB,2023_,25353688,28804857
Desmond Bryant,EDGE,2009_2016,25299353,49826211
Chris Chester,RG,2006_2016,25251000,51084151
Kendrick Bourne,WR,2017_,25187823,31196801
Chase Roullier,C,2017_2022,25165180,32813220
Harrison Butker,K,2017_,25139442,30449944
Andre Branch,EDGE,2012_2018,25134934,40511976
Adam Humphries,WR,2015_2021,25106410,34298110
Kevin Huber,P,2013_2022,25087000,40330679
Samuel Cosmi,RG,2021_,25062082,26585694
Eric Reid,S,2013_2019,25046754,40042851
Kiko Alonso,LB,2013_2019,24975401,38216912
Captain Munnerlyn,CB,2009_2018,24948900,42939577
Andre Roberts,WR,2010_2022,24945339,40820297
Jason Verrett,CB,2014_2023,24920059,37964360
Tim Patrick,WR,2017_,24913000,31157026
Erik McCoy,C,2019_,24855047,30098922
D.J. Reed,"CB, S",2018_,24849019,29933161
Alex Cappa,RG,2018_,24821704,30637155
"Michael Pittman, Jr.",WR,2020_,24821363,27224226
Stephen Bowen,DE,2006_2015,24814712,51581227
Junior Galette,EDGE,2010_2017,24779412,46048224
Christian Barmore,DT,2021_,24700140,26817779
Will Dissly,TE,2018_,24690797,29216791
Eric Rowe,"S, CB",2015_2023,24670189,33962850
Quincy Enunwa,WR,2014_2019,24669421,34305222
Greg Hardy,EDGE,2010_2015,24664415,46573697
Matt Ioannidis,"DE, DT",2016_2022,24633476,32946094
Eric Murray,S,2016_,24619789,32386448
Nick Martin,C,2016_2022,24614472,33601245
Duron Harmon,S,2013_2023,24566116,35886995
Greg Zuerlein,K,2012_,24494885,33603379
Eli Apple,CB,2016_,24493644,35442241
Dan Williams,DT,2010_2016,24485000,45169104
Jason Campbell,QB,2005_2014,24458250,53841718
Marquez Valdes-Scantling,WR,2018_,24450556,29315809
Orlando Franklin,LG,2011_2016,24447176,43156517
Ahmad Gardner,CB,2022_,24438343,29777046
Hunter Renfrow,WR,2019_2023,24434948,29222648
Daryn Colledge,LG,2006_2014,24423375,51795057
Denzel Perryman,LB,2015_,24399707,33175819
Lloyd Cushenberry,C,2020_,24254084,25639024
Cameron Sutton,CB,2017_,24215222,30001309
Isaiah Wynn,RT,2018_,24204910,31499067
C.J. Stroud,QB,2023_,24134904,27420171
Clint Boling,LG,2011_2018,24057448,40288939
Zane Beadles,LG,2010_2018,24055412,43622974
Jake Elliott,K,2017_,23932055,28944980
Malcom Brown,DT,2015_2021,23903232,34374305
Malcolm Smith,LB,2011_2021,23885974,38232150
Dan Koppen,C,2003_2013,23880471,55002214
Shawn Williams,S,2013_2021,23874806,35920801
Patrick Queen,LB,2020_,23751670,26938337
David Baas,C,2005_2013,23735375,52629714
Wil Lutz,K,2016_,23672500,30200306
Brodrick Bunkley,DT,2006_2014,23619000,51596108
Lee Smith,TE,2011_2021,23548282,36371556
Dustin Hopkins,K,2013_,23475797,30440479
Jason Hatcher,"DE, DT",2006_2015,23470875,46755551
Rob Ninkovich,EDGE,2006_2016,23452221,46137522
Coby Fleener,TE,2012_2017,23441648,39136782
Al Wilson,LB,1999_2006,23425000,74436380
Frankie Luvu,"EDGE, LB",2018_,23363529,26104394
Will Anderson Jr.,EDGE,2023_,23359320,26539014
Mike Remmers,"RG, RT",2012_2022,23351231,34706325
Jeff Allen,"RG, LG",2012_2018,23349141,38575456
Brandon Stokley,WR,1999_2013,23330236,60558685
Deatrich Wise,EDGE,2017_,23319736,29974413
Earl Mitchell,DT,2010_2019,23318500,40124823
Rey Maualuga,LB,2009_2016,23299750,43534371
Avery Williamson,LB,2014_2020,23251577,33217002
Rolando McClain,LB,2010_2017,23170661,47623786
Alterraun Verner,CB,2010_2017,23140140,42062465
Daryl Williams,"RT, LG",2015_2021,23139120,32425020
Sebastian Joseph-Day,DT,2018_,23138236,27903225
Malcom Floyd,WR,2004_2015,23051533,46982879
T.J. Carrie,CB,2014_2022,23008219,32825001
Chris Ivory,RB,2010_2018,22977568,39001920
Charles Harris,EDGE,2017_,22976329,30660675
Keenan Lewis,CB,2009_2015,22970000,44284788
Zach Allen,"DT, DE",2019_,22955073,26999404
Carl Nassib,EDGE,2016_2022,22943362,31427208
Bryan Anger,P,2012_,22930254,33220925
Brandon Marshall,"LB, WR",2012_2018,22917214,37022010
Brooks Reed,EDGE,2011_2020,22913577,39047872
Lito Sheppard,CB,2002_2011,22884074,65007812
Andre Dillard,LT,2019_,22842200,27988398
Roberto Garza,C,2001_2014,22826000,54446686
Kayvon Thibodeaux,EDGE,2022_,22806530,27783987
Aaron Colvin,CB,2014_2020,22766173,32849275
Jerick McKinnon,RB,2014_2023,22734138,32380031
Red Bryant,"EDGE, DE",2008_2015,22703559,46563607
Aaron Williams,S,2011_2016,22666992,42490223
Nick Folk,K,2013_,22651846,34116814
Matt Leinart,QB,2006_2012,22645000,51672976
Devin Bush,LB,2019_,22626768,29426407
Brandon Pettigrew,TE,2009_2015,22611765,43889714
Arthur Jones,DE,2010_2017,22588639,42183118
Jalen Thompson,S,2019_,22579979,27158434
Mike Hilton,CB,2016_,22552776,29269268
Jeremy Zuttah,C,2008_2016,22516202,43844676
Breshad Perriman,WR,2015_2022,22498342,32713730
Jonathan Goodwin,C,2002_2014,22492750,49886542
Zach Fulton,"LG, RG, C",2014_2020,22491470,31768063
Ryan Clark,S,2002_2014,22453647,48373163
Marqise Lee,WR,2014_2020,22405272,33310541
Mike Gesicki,TE,2018_,22392924,28160447
Daniel Sorensen,S,2014_2022,22357353,31697759
Vince Williams,LB,2013_2020,22338680,32519189
Alex Boone,LG,2009_2020,22332165,39481206
Shannon Sharpe,TE,1990_2003,22328500,99085955
Matt Feiler,"LG, RT, RG",2014_2023,22304742,29440759
Connor Williams,"C, LG",2018_,22272614,27433410
Willie Colon,"RT, RG",2006_2015,22232500,46245226
Priest Holmes,RB,1997_2007,22155765,73408222
Darqueze Dennard,CB,2014_2021,22122468,34169806
Justin Bethel,CB,2012_2023,22098783,33272544
Josey Jewell,LB,2018_,22096984,25749104
Tracy Walker,S,2018_2023,22069288,27021766
Andre' Goodman,CB,2002_2011,22069155,49690137
Phil Loadholt,RT,2009_2015,22052500,43707342
Doug Martin,RB,2012_2018,22046058,37764517
Ricky Jean-Francois,"DE, EDGE",2009_2018,22013588,41180891
Vernon Butler,"DE, DT",2016_2022,21995116,31032821
Tavon Young,CB,2016_2021,21954239,29849826
Ramon Foster,LG,2009_2019,21848000,36548355
Adrian Phillips,S,2014_2023,21847206,29519648
Stephen Hauschka,K,2013_2019,21800882,34814603
Shawn Lauvao,LG,2010_2018,21705000,38407006
Manny Lawson,LB,2006_2015,21687500,45988146
Harrison Phillips,DT,2018_,21631157,25548889
Joseph Barksdale,RT,2011_2018,21618219,35407892
Anthony Harris,S,2015_2022,21580208,29127104
Nate Allen,S,2010_2017,21533000,38841235
Rob Johnson,QB,1995_2003,21494765,95342554
Markus Golden,EDGE,2015_2023,21488626,29321369
Erik Walden,"EDGE, LB",2008_2017,21488118,39279919
Latavius Murray,RB,2013_2023,21484033,30605437
Tyson Clabo,RT,2004_2014,21478359,45092419
Clark Haggans,EDGE,2000_2011,21442500,54322221
Albert Wilson,WR,2014_2021,21411762,30670690
Marquise Goodwin,WR,2013_2023,21385126,31348297
James Conner,RB,2017_,21382288,26383744
Marcus Gilchrist,S,2011_2018,21376660,36224555
Paul Richardson,WR,2014_2019,21356586,31882306
Rudi Johnson,RB,2001_2008,21349500,59994886
Kevin Burnett,LB,2005_2013,21322500,46463878
Russell Gage,WR,2018_2023,21306692,26099327
William Moore,S,2009_2015,21297250,42507920
Josh Kline,RG,2013_2019,21251184,31442745
Louis Vasquez,RG,2009_2015,21239500,41731606
Michael Pierce,DT,2016_,21225000,26860713
Danieal Manning,S,2006_2014,21216000,45312368
Dennis Pitta,TE,2010_2016,21204000,40250276
Da'Norris Searcy,S,2011_2018,21160424,36141576
Davon House,CB,2011_2018,21145580,36451785
Nigel Bradham,LB,2012_2019,21138172,32635868
D.J. Chark,WR,2018_,21108789,26219088
C.J. Henderson,CB,2020_,21083388,26502527
Michael Jenkins,WR,2004_2012,20990000,48869467
King Dunlap,LT,2008_2016,20988420,38733184
Isaiah Simmons,LB,2020_,20964054,26422706
O.J. Howard,TE,2017_2022,20880356,29147314
Sean Weatherspoon,LB,2010_2017,20875882,41306362
Chris Williams,LG,2008_2014,20821742,42554919
Sebastian Vollmer,RT,2009_2016,20745000,40072153
Cary Williams,CB,2008_2014,20727605,40329707
Kurt Coleman,S,2010_2019,20698581,33731651
Dan Bailey,K,2011_2020,20697500,33739854
Brandon LaFell,WR,2010_2018,20603400,35615628
Ted Karras,C,2016_,20540356,26193192
Tracy Porter,CB,2008_2016,20523125,39487569
Timmy Jernigan,"DT, DE",2014_2019,20505196,31472710
Daryl Washington,LB,2010_2016,20475294,41020093
Alex Okafor,EDGE,2013_2021,20412824,29768428
Sam Martin,P,2013_,20407800,29449649
Jonathan Cooper,"LG, RG",2013_2018,20290765,36881031
Jamaal Anderson,EDGE,2007_2012,20260000,43999008
Ziggy Hood,"DT, DE",2009_2018,20182500,37816918
D.J. Fluker,"RT, RG",2013_2023,20153898,34699133
Jeromey Clary,RT,2006_2014,20001900,41825362
Sylvester Williams,DT,2013_2020,19988690,32937033
Ha-Ha Clinton-Dix,S,2014_2021,19947501,31088134
Britton Colquitt,P,2013_2020,19880000,33134411
Ryan Grant,RB,2005_2012,19863465,41748915
Anthony Brown,CB,2016_,19833082,26207454
Knowshon Moreno,RB,2009_2014,19831250,40013241
Wes Schweitzer,"RG, C",2016_,19760615,25763975
Nick Kwiatkoski,LB,2016_2022,19755120,26953837
Bradley McDougald,S,2013_2021,19613667,28700569
Ricardo Allen,S,2014_2021,19573412,27526799
Philip Wheeler,LB,2008_2016,19541646,39265584
Abry Jones,DT,2013_2020,19540500,28783443
Brandon Fusco,RG,2011_2018,19540224,33376823
Aldon Smith,EDGE,2011_2020,19507286,37908113
Jacoby Jones,WR,2007_2014,19442111,39471036
Deone Bucannon,LB,2014_2020,19436729,30460932
Tyler Kroft,TE,2015_2023,19432026,26627065
Lane Taylor,LG,2013_2021,19411611,29208423
Tress Way,P,2014_,19283500,26292578
John Ross,WR,2017_,19277629,28069859
Ed Dickson,TE,2010_2019,19240500,31210518
Donald Butler,LB,2010_2016,19211794,36699698
Lance Moore,WR,2005_2015,19180424,39882118
Harry Douglas,WR,2008_2017,19160300,36927108
Evan Smith,LG,2009_2018,19142176,33141699
Trey Hopkins,"C, RG",2014_2021,19108712,26261946
Lance Kendricks,TE,2011_2019,19096693,33099938
Jermaine Kearse,WR,2012_2019,19066571,30449701
Michael Floyd,WR,2012_2018,19063118,34928249
Donte Moncrief,WR,2014_2020,19046225,27879310
Johnathan Cyprien,S,2013_2019,19037044,30546571
Virgil Green,TE,2011_2020,18999588,29792357
Willie Snead,WR,2014_2023,18961182,25989959
D.J. Swearinger,S,2013_2021,18899976,28853880
Ian Gold,LB,2000_2007,18866372,54795037
Jason Hanson,K,1992_2012,18822500,68937404
Pierre Desir,CB,2014_2021,18817485,26426692
Sen'Derrick Marks,DT,2009_2016,18817000,35264552
Ray McDonald,"DE, DT",2007_2013,18808500,39068259
Lorenzo Alexander,"LB, EDGE, DT",2005_2019,18791582,32115106
Josh Rosen,QB,2018_2022,18785195,26115347
Terrell Davis,RB,1995_2001,18757000,89708741
Chris Baker,"DT, DE",2009_2017,18732118,32482265
Ryan Shazier,LB,2014_2019,18698204,30321729
Adam Carriker,DE,2007_2013,18676250,40633802
Jason Jones,EDGE,2008_2016,18650257,37142772
Greg Toler,CB,2009_2016,18646000,36073176
Tramaine Brock,CB,2010_2020,18641283,32510746
Cameron Fleming,"LT, RT",2014_,18635584,25700132
Brian Hartline,WR,2009_2015,18567975,36961995
Ed McCaffrey,WR,1991_2003,18560640,75802493
Mike DeVito,DE,2007_2015,18525750,37700579
Ryan Griffin,TE,2013_2022,18437929,26479329
Willie Young,EDGE,2010_2017,18407800,32595103
Kevin White,WR,2015_2022,18378357,30339160
Fred Jackson,RB,2006_2015,18334900,37677096
Dion Jordan,"EDGE, DE",2013_2020,18327576,35569846
Andrew Sendejo,S,2010_2021,18313830,28747860
Danny Shelton,DT,2015_2022,18302892,28324644
Charles Godfrey,S,2008_2015,18284053,37832860
Taylor Gabriel,WR,2014_2019,18276000,26617108
Vernon Gholston,EDGE,2008_2010,18250000,37568979
Kendall Wright,WR,2012_2017,18224334,32729841
Trent Richardson,RB,2012_2014,18211187,37809420
Henry Melton,DT,2009_2015,18136232,35950638
Rex Burkhead,RB,2013_2022,18130215,26284732
Mario Edwards Jr.,"DT, DE",2015_,17995965,25670880
Rhett Ellison,"TE, FB",2012_2019,17983209,27985827
Stacy Andrews,RT,2004_2011,17948500,38467719
James White,RB,2014_2021,17948338,26028604
Telvin Smith,LB,2014_2018,17938052,26910211
Kyle Arrington,CB,2008_2016,17921347,35205486
Lyle Sendlein,C,2007_2015,17911500,36430521
Rob Sims,LG,2006_2014,17856000,36564136
Donald Brown,RB,2009_2015,17765000,35023234
Matt Flynn,QB,2008_2015,17758587,36929693
Vincent Rey,LB,2010_2018,17693894,30069638
George Iloka,S,2012_2020,17637241,28747478
Nickell Robey-Coleman,CB,2013_2022,17624207,26077179
Steve Atwater,S,1989_1999,17590000,83634317
Erik Pears,RT,2005_2015,17578429,33435001
Mike Nugent,K,2005_2020,17524184,35764872
Jahleel Addae,S,2013_2021,17514941,26750141
Charlie Whitehurst,QB,2006_2015,17499838,35808503
Bilal Powell,RB,2011_2019,17496500,28737088
Koa Misi,LB,2010_2017,17489905,32846503
Jerraud Powers,CB,2009_2016,17416500,33433525
Roy Miller,DT,2009_2016,17404375,32225948
Kevin Johnson,CB,2015_2020,17361910,26572234
Luke McCown,QB,2004_2016,17310000,36070454
Chris Houston,CB,2007_2013,17266050,36667334
Dimitri Patterson,CB,2005_2013,17262735,36306318
James Jones,WR,2007_2015,17233250,35416971
Derek Newton,RT,2011_2018,17047727,29899769
Frostee Rucker,"DT, DE, EDGE",2006_2018,17012250,33360809
Vernon Hargreaves,CB,2016_2021,17002654,25960695
Dion Lewis,RB,2011_2020,16940880,25577949
Tony McDaniel,DT,2006_2017,16856471,33990650
Clinton McDonald,"DT, DE",2009_2019,16833888,28948231
Justin Durant,LB,2007_2016,16816800,33452509
Jordan Cameron,TE,2011_2016,16803400,29931844
Ryan Schraeder,RT,2013_2018,16740000,26060435
Jermichael Finley,TE,2008_2013,16690500,35021865
Jeremy Mincey,EDGE,2006_2015,16652770,34297774
Matt Bosher,P,2011_2019,16635800,27872410
Darius Butler,"S, CB",2009_2017,16548221,30362843
Kelvin Benjamin,"WR, TE",2014_2018,16476191,26432148
David Hawthorne,"LB, 43OLD",2008_2015,16463000,33078732
Charlie Johnson,LG,2006_2014,16456300,34229983
David Amerson,CB,2013_2018,16421073,26783116
Uche Nwaneri,RG,2007_2013,16396600,33662375
Daniel Kilgore,C,2011_2020,16387800,26075857
Chris Kuper,LG,2006_2013,16341000,34484534
Jason Avant,WR,2006_2015,16294471,33281490
Ron Parker,S,2011_2018,16271321,27633738
Wade Smith,LG,2003_2013,16270829,35599892
Menelik Watson,"RG, RT",2013_2017,16263602,26199258
Chance Warmack,"RG, LG",2013_2020,16232896,29807201
Ryan Lilja,LG,2004_2012,16220250,35367432
Mike Scifres,P,2011_2015,16217500,32275647
Matt Slauson,LG,2009_2018,16029575,28575760
Bernard Pollard,S,2006_2014,15958059,33425952
John Carlson,TE,2008_2014,15870250,33325244
Stefen Wisniewski,"LG, C",2011_2020,15822697,26454563
Kory Lichtensteiger,C,2008_2016,15756316,30396460
Harvey Dahl,RG,2005_2013,15648677,32826236
Hakeem Nicks,WR,2009_2015,15631765,31391852
Dwayne Harris,WR,2011_2020,15601954,26055802
Shane Vereen,RB,2011_2017,15511150,27229370
Shea McClellin,"LB, EDGE",2012_2017,15338398,27910375
Danny Woodhead,RB,2008_2017,15241824,27955521
Anthony Collins,RT,2008_2014,15220500,29946102
Sean Taylor,S,2004_2007,15099117,45492198
Willie Parker,RB,2004_2010,15039000,34467863
Cortez Allen,CB,2011_2015,14817500,28011068
Pat McAfee,P,2009_2016,14798592,28258615
Dustin Keller,TE,2008_2013,14750000,31175765
Shawn Andrews,RG,2004_2010,14631875,35792402
Ahmad Bradshaw,RB,2007_2015,14564188,30452693
Stephen Paea,"DE, DT",2011_2017,14473402,26261711
Kraig Urbik,"LG, RG",2009_2016,14405059,28598217
Stephen Peterman,RG,2004_2012,14346665,31226858
Letroy Guion,DT,2008_2016,14221369,27123935
Nick Roach,LB,2007_2014,14219547,29196448
Kroy Biermann,EDGE,2008_2015,14179750,28608061
Tarell Brown,CB,2007_2015,14173250,28634661
Josh Morgan,WR,2008_2014,14086000,29476458
Sammie Lee Hill,DT,2009_2015,14048500,27546906
Dan Skuta,LB,2009_2016,13926609,25654336
Dan Connolly,LG,2005_2014,13831112,28817892
Barrett Ruud,LB,2005_2012,13804000,31248253
Josh Scobee,K,2012_2014,13800000,27329565
Scott Chandler,TE,2007_2015,13780723,27145513
Dwight Lowery,"S, CB",2008_2016,13774500,27329930
Jon Asamoah,RG,2010_2014,13751002,26303751
Samson Satele,C,2007_2014,13700000,28728803
Pierre Thomas,RB,2007_2015,13668853,28121348
Jameel McClain,LB,2008_2014,13638000,27985967
Jason Worilds,EDGE,2010_2014,13579000,26568630
Craig Stevens,TE,2008_2015,13528250,27540862
Mark Anderson,EDGE,2006_2012,13480550,27731110
Shaun Suisham,K,2011_2015,13375000,25661646
Josh Wilson,CB,2011_2015,13370000,27755244
Jared Gaither,LT,2007_2012,13309000,27959130
Michael Koenen,P,2011_2014,13000000,26768546
Sione Pouha,DT,2005_2012,12838000,28129254
Larry Foote,LB,2010_2014,12755000,26191661
Mackenzy Bernadeau,"RG, LG",2008_2015,12736411,25657959
Jake Locker,QB,2011_2014,12586002,26210033
Michael Bush,RB,2007_2013,12241782,25898383
Earl Bennett,WR,2008_2013,12195837,25798561
Tony Scheffler,TE,2006_2012,12194000,25913467
Stephen Nicholas,LB,2007_2013,12132500,25719796
Kenoy Kennedy,S,2000_2007,11700000,35156918
Travis Henry,RB,2001_2007,11565951,31400729